{
    "Ишимбай": [
        56.04395,
        53.454626
    ],
    "Новоалтайск": [
        83.931079,
        53.412021
    ],
    "Салехард": [
        66.614507,
        66.529866
    ],
    "Брянск": [
        34.363991,
        53.2434
    ],
    "Таганрог": [
        38.936694,
        47.208735
    ],
    "Старый Оскол": [
        37.833231,
        51.297974
    ],
    "Анапа": [
        37.316906,
        44.894269
    ],
    "Владивосток": [
        131.885494,
        43.115542
    ],
    "Волжский": [
        44.751229,
        48.786127
    ],
    "Златоуст": [
        59.672425,
        55.173113
    ],
    "Обнинск": [
        36.597014,
        55.117082
    ],
    "Балашиха": [
        37.938118,
        55.797007
    ],
    "Калуга": [
        36.261341,
        54.513678
    ],
    "Ленинск-Кузнецкий": [
        86.162243,
        54.663609
    ],
    "Зеленоград": [
        37.21439,
        55.991893
    ],
    "Санкт-Петербург": [
        30.314997,
        59.938784
    ],
    "Калининград": [
        0.0,
        0.0
    ],
    "Рязань": [
        39.737111,
        54.629221
    ],
    "Ульяновск": [
        48.403132,
        54.314192
    ],
    "Братск": [
        101.633505,
        56.151682
    ],
    "Ставрополь": [
        41.96911,
        45.043317
    ],
    "Одинцово": [
        37.263663,
        55.679138
    ],
    "Великий Новгород": [
        31.269816,
        58.522857
    ],
    "Смоленск": [
        32.048054,
        54.782495
    ],
    "Пушкино": [
        37.847164,
        56.011318
    ],
    "Геленджик": [
        38.077115,
        44.561012
    ],
    "Северск": [
        84.880913,
        56.60319
    ],
    "Орёл": [
        36.064358,
        52.970756
    ],
    "Ростов": [
        0.0,
        0.0
    ],
    "Лосино-Петровский": [
        38.200992,
        55.872183
    ],
    "Новочеркасск": [
        40.093734,
        47.422052
    ],
    "Волгоград": [
        44.516975,
        48.707067
    ],
    "Челябинск": [
        61.402554,
        55.159902
    ],
    "Чехов": [
        37.454357,
        55.14235
    ],
    "Усть-Илимск": [
        102.733519,
        57.942686
    ],
    "Новый Уренгой": [
        76.680956,
        66.084539
    ],
    "Нижний Новгород": [
        44.006516,
        56.326797
    ],
    "Южно-Сахалинск": [
        142.729587,
        46.957771
    ],
    "Уральск": [
        51.370528,
        51.20403
    ],
    "Королев": [
        37.815211,
        55.918953
    ],
    "Астрахань": [
        48.030178,
        46.347614
    ],
    "Хабаровск": [
        135.071917,
        48.480229
    ],
    "Коломна": [
        38.765574,
        55.095276
    ],
    "Уфа": [
        55.958736,
        54.735152
    ],
    "Новокосино": [
        37.864061,
        55.745113
    ],
    "Кудрово": [
        30.513578,
        59.908489
    ],
    "Орск": [
        58.474675,
        51.2293
    ],
    "Электросталь": [
        38.444858,
        55.78445
    ],
    "Нефтекамск": [
        54.247751,
        56.088483
    ],
    "Гатчина": [
        30.122892,
        59.56841
    ],
    "Сургут": [
        73.393032,
        61.241778
    ],
    "Щербинка": [
        37.564554,
        55.501315
    ],
    "Екатеринбург": [
        60.597474,
        56.838011
    ],
    "Пятигорск": [
        43.070643,
        44.039802
    ],
    "Чита": [
        113.501049,
        52.033635
    ],
    "Альметьевск": [
        52.29723,
        54.901171
    ],
    "Нефтеюганск": [
        72.616403,
        61.088255
    ],
    "Кронштадт": [
        29.775846,
        59.99179
    ],
    "Реутов": [
        37.85515,
        55.760515
    ],
    "Минск": [
        27.561831,
        53.902284
    ],
    "Жуковский": [
        38.119811,
        55.59748
    ],
    "Владикавказ": [
        44.681771,
        43.024616
    ],
    "Пенза": [
        45.018316,
        53.195042
    ],
    "Сочи": [
        39.723098,
        43.585472
    ],
    "Абакан": [
        91.442396,
        53.721152
    ],
    "Чайковский": [
        54.14881,
        56.778081
    ],
    "Ухта": [
        53.663999,
        63.566006
    ],
    "Серов": [
        60.573588,
        59.605395
    ],
    "Магнитогорск": [
        58.980291,
        53.407163
    ],
    "Яблоновский": [
        38.936362,
        44.981285
    ],
    "Тверь": [
        35.917421,
        56.858745
    ],
    "Орехово-Зуево": [
        38.981601,
        55.805842
    ],
    "Киров": [
        49.668023,
        58.603595
    ],
    "Армавир": [
        41.129644,
        44.997655
    ],
    "Тула": [
        37.617348,
        54.193122
    ],
    "Петропавловск-Камчатский": [
        158.643503,
        53.024265
    ],
    "Архангельск": [
        40.515762,
        64.539911
    ],
    "Люберцы": [
        37.893328,
        55.676748
    ],
    "Новосибирск": [
        82.92043,
        55.030204
    ],
    "Самара": [
        0.0,
        0.0
    ],
    "Шадринск": [
        63.629747,
        56.087042
    ],
    "Костанай": [
        63.6321,
        53.214496
    ],
    "Сыктывкар": [
        50.836497,
        61.668797
    ],
    "Якутск": [
        129.732178,
        62.027221
    ],
    "Батайск": [
        39.744469,
        47.138333
    ],
    "Нижневартовск": [
        76.558902,
        60.938545
    ],
    "Волгодонск": [
        42.206329,
        47.519624
    ],
    "Омск": [
        73.368221,
        54.989347
    ],
    "Мурманск": [
        33.074918,
        68.970663
    ],
    "Оренбург": [
        55.097,
        51.768205
    ],
    "Ангарск": [
        103.888249,
        52.544358
    ],
    "Норильск": [
        88.210393,
        69.343985
    ],
    "Новомосковск": [
        38.291057,
        54.010914
    ],
    "Томск": [
        84.947649,
        56.484645
    ],
    "Комсомольск-на-Амуре": [
        137.008685,
        50.550055
    ],
    "Набережные Челны": [
        52.403662,
        55.741272
    ],
    "Энгельс": [
        0.0,
        0.0
    ],
    "Ступино": [
        38.078237,
        54.88628
    ],
    "Долгопрудный": [
        37.51423,
        55.933302
    ],
    "Пушкин": [
        30.416767,
        59.722336
    ],
    "Благовещенск": [
        127.534611,
        50.257456
    ],
    "Воронеж": [
        39.200296,
        51.660781
    ],
    "Видное": [
        37.70876,
        55.557037
    ],
    "Горячий ключ": [
        39.136426,
        44.634246
    ],
    "Сосновый Бор": [
        29.092264,
        59.904225
    ],
    "Темрюк": [
        37.365388,
        45.282044
    ],
    "Дубна": [
        37.16227,
        56.73639
    ],
    "Майкоп": [
        40.105852,
        44.606683
    ],
    "Кострома": [
        40.926894,
        57.767918
    ],
    "Подольск": [
        37.544997,
        55.431136
    ],
    "Североморск": [
        33.417679,
        69.076455
    ],
    "Северодвинск": [
        39.823781,
        64.563386
    ],
    "Курган": [
        65.341118,
        55.441004
    ],
    "Барнаул": [
        83.776856,
        53.346785
    ],
    "Димитровград": [
        49.623924,
        54.217515
    ],
    "Пермь": [
        56.229443,
        58.010455
    ],
    "Миасс": [
        60.109599,
        55.050432
    ],
    "Озерск": [
        0.0,
        0.0
    ],
    "Химки": [
        37.444853,
        55.889361
    ],
    "Дмитров": [
        37.517608,
        56.342905
    ],
    "Тобольск": [
        68.253995,
        58.200891
    ],
    "Иркутск": [
        104.280606,
        52.289588
    ],
    "Краснодар": [
        38.975313,
        45.03547
    ],
    "Стерлитамак": [
        55.930825,
        53.630403
    ],
    "Первоуральск": [
        59.943267,
        56.905819
    ],
    "Верхняя Пышма": [
        60.573462,
        56.970236
    ],
    "Наро-Фоминск": [
        36.72285,
        55.383838
    ],
    "Новая Адыгея": [
        38.932607,
        45.020131
    ],